{"Layers":[40,11,4],"Guid":"81303eb0-433b-4bf3-9804-67cf4eba96ee","Weights":[[[-1.2725481469079687,-0.95182056835997364,0.47276301439153456,-0.51316721309092084,0.084265087926896964,-0.054917564208349035,-0.84205085174871186,-0.042355645478979777,1.2317558681890648,-2.8881250474862297,0.20872425486711291,-0.059872961032554343,0.58021050769024141,1.0242783671123106,-0.592051170478652,-1.327101656264853,1.2513471772664804,0.64841016304128052,1.5492522118298773,-0.52225602291922446,0.52057224677205616,-2.333599900836818,-0.66905727187096,3.0193720895701164,-0.61026474554274346,-0.72074994527809244,0.043972155895732654,-1.924816578094442,-2.0496872564030157,0.38106618051260421,0.0679849198139324,0.44770567590390242,0.60247134794334345,0.47769353246789414,-7.2463474306201459,0.0756150192100753,0.93765791386100061,-0.26160004083854616,-1.0609138907746931,6.31000602935527],[0.31355259527407808,1.9229884469778835,0.23696423359972227,0.032748741916545726,0.45439045352060958,-2.0822740402714355,-0.23423641887703278,-7.2657542721493735,0.78278138212091353,0.10240556187673189,2.9872250011298402,-0.23827506786986963,0.70724329379537532,-1.3027124036822912,5.2304761493200136,1.4387794739779549,-0.80115322986143767,-0.9750766740989919,-0.43562259986655927,-6.5538864272847608,-0.55844882385507633,0.59813146826348007,-1.6225312679878916,1.1252771569198028,1.0869963758695245,-1.996903825510933,-0.48894115196552856,-1.7507734777996742,-7.0359331724208474,-8.31088760268135,0.52354835707044312,-0.14023122147171122,-0.045003259705537355,-0.29858612757876724,-2.18184198567578,0.48135667881439104,-4.6921019034350682,-1.0203136619026831,0.7298389251629197,4.130644504546372],[1.7293106931522124,0.91305452773624141,-0.78831352220282069,0.19238880173277484,-1.7902692787128527,0.028097275724218735,-1.0672571111310147,1.1012172400296936,-0.11472768507017206,-1.2758424811449152,0.22569424496462492,-0.37649767336250456,-0.82563635459651685,0.70136388344284883,0.0047536764807930374,-1.392625914460768,0.3316297093885151,-0.099409040898440756,3.3281454647075872,-0.79713134679761577,-0.55090258462079955,-0.41886215039582886,1.8228013083852035,-1.0142351902190008,-0.86895273262254069,-0.90404990212494241,-0.37038965444897654,0.3339113338131,0.18908782806821747,-4.5509686866193571,-3.16592974409152,-0.33052719641533435,-1.7775448462131229,-0.02539254941206099,-1.028431742772749,-1.5948979356221393,-0.23772471941010054,-0.86041065277486017,-0.34517675869862863,0.15208453913510917],[-0.29864696895920323,-0.44882511527922919,5.9348160584114469,2.3726426118109281,-2.1503583372960442,1.1876379730182813,-4.2888473882096223,-1.5254942014052102,-1.2132822340590472,-1.629613693259758,-2.9700725695190249,1.7463229970325582,1.3022284022255941,0.88000642179000932,-1.8649903312126044,0.00050454324803964458,-6.8106829150044392,-0.0007496533918260386,0.18873187412469317,5.95014373498118,-1.8265109127062316,1.7549060818121247,1.9912773421535706,1.1190380372532922,-0.54590990033989562,1.5236926015346859,-0.70539482480770321,-3.6591488719314089,-0.77724897338361687,-0.68396238165935608,-2.1449404291000151,8.2729905757835045,0.21083851633653714,-1.2260634856152535,-0.5857805719401209,0.53076362320333392,-2.4014729876485079,37.2394064857109,-0.31330699889571278,-7.0432468914545332],[1.2340664037998004,-0.21569013515952951,1.8642061209938587,-0.078741550354458026,0.39276335078708247,-1.2397333821513035,0.30654531194487689,-3.1715031766767479,2.9448430579204361,0.83199412257100291,0.070429934378943571,-0.31639748334747941,0.053824411685975862,-2.1375151261809062,-3.1526707144102875,-5.7777853922201832,0.019717061260975052,-1.7736742904048746,-2.7509457629146845,1.8790468514878322,0.25991105529409442,0.63419171337800451,-0.24201919221185037,1.0350695732112616,-0.076465916563303163,-1.3438437286688494,-3.6955925907543548,-0.20086270274824547,-2.1455043300279275,0.91147971584108722,-5.7898896814775274,2.6194634688912393,2.3181122097990534,0.31342928514403684,0.77437410804914852,-0.18769369214395981,-2.3432126827295958,-0.074508234464533474,-0.72763854138271111,3.6249767982703869],[-0.037317828069262024,1.1071804794183227,0.57951969940276449,-1.972942425091613,-0.11642438147586515,-0.2338875805780222,-1.4117070452573175,-32.02024931575599,0.36361355138255252,10.325086675481188,0.8982205071412479,-1.6858436590645705,-0.37258455357343245,3.5060844692371123,-0.33613989051254267,2.0890424257282088,-0.85781840296807421,-3.2055560799428973,0.54911464907515872,-0.096563972600603759,-0.7269530943286413,0.2761203126013213,0.90563520848523171,0.43382821156420004,-0.072334964287519635,-0.36704449821144264,-3.4425284824859896,-0.0088467780274651443,-1.1914211930087282,0.14392084911754086,-0.90100453753023357,0.45082532232004258,3.7362629171353561,-10.201166441051129,0.077957761220000713,-0.92563690566528589,-1.0220625359892792,-0.19844761591873433,-5.3338851045637936,-0.26889821176198886],[0.14051034352173197,-0.87490694157768512,33.491693804734773,-0.031615894395833767,-0.67167466267460041,0.27600940787714928,1.6358887298860543,-0.19447911415472108,0.85445493459896815,-0.38562665354755565,-0.15925734251244395,-0.71206836703558762,0.52015275878490463,-0.9307088334445548,-3.7902075284359791,0.39147853824082957,25.034157671463369,0.056576402702419371,-0.35567632019200895,-2.5001054920417607,0.39795601412363357,-0.13456849348958261,-1.2203860856087168,0.33896643361022005,0.13580238862638092,0.10988447627828926,-3.5633863923024678,0.065180732360426485,0.94135035787945087,1.0987754777520324,0.29490698283742139,1.0464709533874386,1.0772206554941393,-0.31784443769316112,4.7767474437527362,0.46238746766220878,0.070698516758544661,-0.070825630754116076,-0.085031386730377093,1.7813758038638377],[1.8769959524145485,-0.57452486815444737,-1.2682537671715604,0.29464052551257724,0.4696164297894192,-3.8991915436362818,8.6385213843640068E-05,0.053044842044108066,-1.0499569945915335,0.66887601786210482,2.8778887473780475,0.509656494512541,1.1809510833162176,-0.099422229453961286,12.256914372578294,2.5980403589478303,1.6707643546029738,-0.21279557239443214,-0.020903437684997351,0.43502965550122485,0.05384666014825689,1.8005671400860241,0.19517531237713559,-1.1090976169056934,-0.23528047402711971,0.72592711455087366,0.744663114634778,1.1628046002958818,0.15841906007063683,-3.6461642228761777,1.5419561490949825,-1.5666308452781506,8.1531556657813073,-0.45402375925822358,0.2254094173570336,-0.57463285654401963,-0.64516537882453573,0.53253143674570014,1.315619176420479,0.00099992535434468188],[0.15530595380734943,0.77758060850191912,0.041840773190789604,-0.56273332697829248,1.389445118560442,-0.23198940386616598,0.90418087067056341,0.45603917447948683,-0.80613997694197925,-0.27491929543751725,0.00090561868930866577,-0.36063259647027895,0.13607123180904274,0.64435070454407739,5.4914455853651525,2.4217330715429037,-0.51136109368549043,1.4627359109864946,-3.7723882034501441,-2.8489844854134532,0.73474420972098531,0.19460274611090206,-1.5804972812508846,-1.3477497790469275,-1.5359162046758041,2.3138280248339278,-0.11008113911691037,-3.7558559922614685,-0.94099351099278117,1.0489724802247231,-0.947426498416615,4.7797861238624408,-0.57677816406382232,-0.068960933764338761,-1.0954771571320159,1.5788704068492439,4.92730212156513,0.31098082815488071,0.97651565327473733,1.5166031383369028],[1.8814284883295729,1.7817926349622468,-3.960699719019372,-1.0633538672494685,-1.913524840760388,2.6410144892583944,1.2979311728513625,-0.20618741917666877,0.13279528602853749,-10.516567609413619,-0.075310380256809875,-0.59549015645255721,0.39866234400740574,-0.98072958548506117,1.8958728323646541,1.2698183666331087,0.82587124242110976,-0.65926228775473783,0.27634310572968857,-9.3641503752271085,0.70511837756854967,-0.4158023911824581,-0.050491241374378326,-0.03686803501008977,0.77829788522859755,-0.62521130919046275,-1.3760247791492131,0.43465189474277094,-4.1800189909079055,-1.1580968286207809,-2.0347576992923155,0.61168632986832361,-0.040235433261788134,