{"Layers":[40,11,4],"Guid":"583b8e1b-b7e1-4a84-9515-4f88f9f3599e","Weights":[[[-1.5925330080796774,0.15585317816894395,-1.0906713391927703,-2.9008494260396973,0.53126489754050643,-2.3953874896029776,-1.4017777601635397,-0.33561312137085897,3.1517488142135459,-0.26049039744020458,-1.1064561395257786,-0.888545339385231,0.39185420833433288,0.38787271980504767,0.085409504748559933,-0.13195511832531526,-0.2829736831793252,0.90192834720258863,-0.34602957608713825,-1.7195342755390155,-0.2202732904700383,-0.14651235557610659,0.036821309391621558,-0.10119893347894955,-5.7444746812991614,-0.75390288649126858,0.30399373227568838,-0.14628267594148656,-4.3544081549446334,0.19107229705511625,-1.1868949812692917,3.1475952085343515,0.56478820935075713,1.0535512940815803,-0.32011781984197929,-3.495413048241804,0.11044029281942167,-1.2173516807820612,0.034490526516909092,11.70591404943392],[-0.04329970836978525,0.5488913003799164,0.69439487783927589,1.3644773144552618,1.5598270313306251,0.58744856765907283,0.32898336471473355,-0.42429419630097276,-0.32865316674322637,0.16270325031442021,2.7251459953252004,1.2278085280656854,0.46250662177085639,-0.024667791517078503,0.23905512184968958,1.0157867168702184,0.083990594509405214,0.145890184606826,-0.0015485921382589745,-7.2982133679614858,2.3119189153159958,0.8995069748168405,0.28414567856563949,1.3995533787650256,-0.32058783985746109,-0.620182705511326,-0.311991389021318,-2.818062738847313,-1.6541845412269318,-13.612718537873468,0.55288406811120661,0.35098611355747084,-0.71010915867527258,-1.0444266615744406,0.2950817425323517,-2.3842836718189764,-3.2423790387761842,1.4425603824590079,3.6890010335686507,1.6526260796221981],[0.20156660979082847,1.1568843514996385,-0.36676708947781722,1.5641762896263822,-0.016100293948660943,0.16909662803990988,-2.1915359464907316,-0.18767257806701806,0.038131551779959583,-0.88266052595997269,-0.34415514169938843,-0.31390984461157834,-0.73170936724049429,-1.0161161236763574,-0.74184662491511222,-0.64074918098189881,-1.0166228537466029,-1.2164232632340377,1.1385679935119681,-1.2418474936419091,-3.7523028767764282,0.10535804574130277,0.76918830899020119,1.1231357436662779,-0.25276983514432461,-0.46571985077294148,-0.16041602985456666,-0.15695759820431229,2.3396020283487911,-1.4207426570118698,-2.3143116127013381,-0.20113103284568398,0.25146078765725366,-0.011250723296934967,-1.3085566103903716,0.18971640801586889,0.81952874842512646,0.683506162435439,0.018351810125805376,-0.20597916065601163],[0.48218083890665775,-0.011138560603400674,3.5364288119487024,1.9345178153300786,1.6963601033596838,0.48509993799067347,-6.9352399422163113,-0.68153362879849022,-1.0256844193617958,-1.4700851315447352,-1.9863758442561075,0.36147142470287208,2.9001605286888461,0.34043179402267743,-1.9632723025576788,0.19680381351773918,-1.3146381286748869,-3.2509318545617152,0.89517208802096315,7.3954116176216278,-1.1786011432556403,2.4876200960065971,1.4875474408353138,-0.79862292297010407,-0.14532779121526102,0.17612476239849867,-0.82761458298360457,-0.15570066880930131,-2.38385393877906,-1.2695794199259016,-0.67271628777462977,0.95256530969485831,0.096842757279364658,0.70706262800925246,-0.98507286578940245,-0.057580228377419829,1.6872432853252863,1.8327367558697725,0.22914795628509838,-3.6517592555315614],[0.34613619177737526,2.12987272313882,0.13653236800677882,-0.65773126222986611,0.51343816516113627,-0.054025336392940604,0.47292927787135297,-0.68345354980478623,9.856679051825008,1.7851552020228443,0.17164569886399517,0.96369990757693957,1.38664683101487,-1.6431757311918691,-0.24181938360852759,-1.7096521035270338,-2.4221776344412631,-4.3069897084387074,-3.4987306233177562,0.043877296829406845,-0.20280825014597909,-0.74488585624842418,-0.35938729568718769,4.0813661732585471,0.24179241526460976,-1.1157930139761052,-0.53772595996424677,2.102289850828956,0.39494179257946271,4.4659640077662024,-21.031758484742873,27.407517112002648,-0.24798489761537923,-1.6714535517102207,1.7719017168989328,-0.032602258510502025,-0.905035401471429,1.4520597327256328,0.39645744152668716,-0.46130540148711197],[-4.7670613365899905,0.919374601844455,0.39889780849413237,-9.2917065532332739,0.038842691616336342,0.37228695505217441,-0.82273826955592877,-0.9152904346410482,-0.951759008099147,0.86671026530843354,0.22416639397940952,1.4169902689186156,2.3597670509187654,7.1319805171632806,1.0511041823437883,1.972004378025336,-0.67060030906580592,-0.47881895025738386,1.3963698647737735,0.0642961704257954,0.27916285935311985,0.0647773825813303,-0.0095619868951493658,3.0896980641650664,0.73248850726366954,0.044026446774722686,0.28900907728168046,0.38979055125965789,0.74332954480575009,2.4820814223844492,-3.0656969357685839,2.510847033466491,3.3982168997387054,-6.1056121908783378,0.50107084602041163,-0.92892732724712579,-0.027194749231470638,-0.31381248189285521,-2.5163317088423431,0.0853696212992216],[-0.065234301307359591,-1.7715757664167513,330.49432218402796,0.519882360059455,0.24926489193110168,-0.62079189910991306,0.22166823603987002,0.25378301328260244,-0.52110521975596391,-0.0035087045813611455,-0.096898939835513884,-2.4894783457663392,0.26379600688559673,-0.71947357114527244,-0.59488766433244944,1.4284011432464014,4.1402992800808232,-3.1230971242889738,0.091235789274977316,-3.9966831136388015,0.83766195431334545,0.22637309990734522,-4.8530571045281778,0.607701393479019,0.96407912166172638,1.633889600063305,-14.888775647119761,0.22697367009904479,2.9488727997365189,0.02240313934339723,-1.5920540684454021,2.2819549337929326,0.7475954971049612,-0.00024967758595421474,0.34744198320113406,1.7634996659671549,1.1772294394775575,-0.81658649977460018,0.7023862032880237,-0.0177104276845511],[2.474776048112727,0.52768485572159785,-2.5201497771985553,-0.62402863581339252,-0.46071194810359534,0.12207979763399834,-0.55139009656093,-0.15601132794975192,-2.2690316401668689,1.7117620852811362,0.56371127937138521,0.92996309559075785,2.741968196573521,-0.67853659398965216,7.3438018897819672,0.88841317874130366,3.5346394692920784,3.8297859509786956,0.35803616655837184,-0.32269887604401559,-0.65344543702566715,3.8894857693410154,-3.2799053933299627,-0.91715778056190789,-0.076665565354139292,0.78116789956422,0.35527485528772318,0.5792949953333163,1.7833157676051732,-0.43329394382728004,0.90491066912350926,0.35034433158849265,8.3262465777390453,3.6005295697965121,-0.68815178720044412,-3.9038761491687786,-0.44152486178554406,0.33301961465541169,0.97381903501701994,6.3957865871854569],[-0.16149563718115634,0.64947836021383321,0.52365295495531239,0.18885568001694481,2.6657466059009192,-0.52068596659866984,0.2949601958691529,5.5919029441201227,0.087576147411093347,-1.799398049847508,0.23247982090770891,-0.74650285458179722,1.1963671672525469,0.62837189802816651,3.4942071583016463,-1.7151053371748926,3.5828536023622797,-0.16246042970869093,-5.3887931634394945,-25.511397882258326,0.32274472176660896,0.36771544969646913,-1.585589921288036,-5.3219161566722963,0.69623959341303832,1.3454863984192151,-0.49850886778540759,-15.753001345251892,-0.61024009408244817,0.7744696307962986,-2.2593662398780485,6.9250930238531563,0.57002710659253875,-0.943876722241575,-1.1147225000825942,-4.3096171260929044,3.9544215576707966,0.39026342209120823,0.0063990892133087276,-0.16176973794024332],[-2.1934249995646882,-1.3364167927652972,-0.12092070646816963,-1.2247640800070552,-1.0123130669329239,1.528021552191017,0.2744247790841835,-0.36914852442418056,0.85166774573340642,-45.17852163621729,-5.2617347457902452,-2.2267277490351658,0.85666750952883386,-0.0029688282005665011,4.8913982806132088,-0.27934344832069019,1.5849532420797563,0.099841594055219751,1.3989861824549879,-0.88653242657748466,-1.3212908337658809,-0.19037853075371844,0.068705320947802184,0.64025571707219209,0.50181319920356637,-1.4597325843531788,-0.091553488968971419,1.1522856511990611,-1.8065500209024277,-0.34760249247816039,-2.229169275112731,-0.046772495914158267,0.56559186927596983,-0.0747875218130431,0.46922353531748373,