{"Layers":[4,4,4,2],"Guid":"4fe1ff82-3e36-4745-9c09-d095e2521a9d","Weights":[[[0.32316774783195235,-1.124214611511464,-0.25386059992921645,0.72718492635041954],[0.74537326371092283,0.65709831255559792,0.79273182659884878,-4.0695055708545178],[-0.968499003146233,0.919663297697216,-0.6928425346563275,-0.23041229045250214],[2.5914094067980193,-10.058993574488573,1.0010861967676079,0.58952216108205313]],[[-0.22561876738977746,0.1065679860941422,-1.4264800229342374,0.014461820416181392],[0.025321066978845536,-0.50888359354364177,1.3823434185003116,1.2430351895546381],[-0.3252950818636538,-2.1074518196722987,-2.2674874219416208,16.994939080156257],[8.2643687363505478,-0.16852452045147054,1.6065608630860551,-1.1636838372849399]],[[-0.62115484072143878,1.0829669092228558,2.659695278213269,-0.53228113522208709],[0.52501387565398616,-0.27763104164433072,0.2409962682843505,0.21927944588576076]]]}